Workbook

Sheet BVA_EP Analysis
A1: Input field | B1: Valid range/rule | C1: Equivalence classes (valid + invalid) | D1: Boundary values to test (min-1 / min / min+1 / max-1 / max / max+1 where applicable)
A2: Product quantity (cart page and product page) | B2: Integer between 1 and 10, and the cart quantity for the product must not exceed the available stock. | C2: VALID: integer 1-10 with enough stock. INVALID: 0 or negative (e.g. -1); 11+ (per-product cap); non-integer (2.5); non-number string ("3"); qty that exceeds stock (e.g. 4 when stock is 3); adding a product with stock 0. | D2: Per-product cap: 0 (min-1), 1 (min), 2 (min+1), 9 (max-1), 10 (max), 11 (max+1). Stock cap (product with stock 3): 3 accepted, 4 rejected. Stock 0: every add is rejected as "out of stock". Covered by TC-M-032/037/039-045.
A3: Coupon minimum order (SAVE10 = 10%, min_order 500; FLAT100 = flat 100, min_order 1000) | B3: Coupon applies only when the cart subtotal is greater than or equal to min_order. | C3: VALID: subtotal = min_order; subtotal above min_order. INVALID: subtotal below min_order (400 "minimum order of 500 required"). | D3: SAVE10: 499.99 (min-1) rejected; 500.00 (min) applied, discount 50.00; 500.01 (min+1) applied, discount 50.00 (rounded). FLAT100: 999.99 (min-1) rejected; 1000.00 (min) applied, discount 100.00; above min flat 100.00 regardless. Covered by TC-M-048-052.
A4: Coupon validity classes | B4: Seeded coupons: WELCOME20 (20%, min 0), SAVE10 (10%, min 500), FLAT100 (flat 100, min 1000); OLD50 is expired (2020). | C4: VALID: WELCOME20 / SAVE10 / FLAT100 within their rules. INVALID: unknown code (404 "invalid coupon"); expired OLD50 (400 "coupon expired"); case/space variants "save10" and " save10 " are trimmed and uppercased, then treated as valid; empty code (400 "code is required"). | D4: Each class: valid code; unknown code; expired code; below-minimum code; lowercase; " save10 "; empty. Covered by TC-M-047/050/053-055.
A5: Card number (checkout) | B5: Exactly 16 digits; spaces inside the digits are allowed and stripped; letters are not allowed. | C5: VALID: 16 digits (with or without spaces), e.g. "1234 5678 9012 3456". INVALID: 15 digits; 17 digits; digits with letters; empty. SPECIAL CLASS: 4000000000000002 is always declined (402 "payment declined") by design. | D5: 15 digits (min-1) rejected; 16 digits (min) accepted, stored masked **** 3456; 17 digits (max+1) rejected. Covered by TC-M-059/070-072/078.
A6: Card expiry (checkout) | B6: Format MM/YY; month 01-12; the card must not be in the past; the current month is still valid. | C6: VALID: 12/29, 01/27, 10/26 (current month). INVALID: month 13 ("expiry month must be 01-12"); month 00; wrong format 1/27 or 01-27 ("expiry must be in MM/YY format"); past month 12/25 ("card expired"). | D6: Month 00 (min-1) rejected; 01 (min) accepted when the year is valid; 12 (max); 13 (max+1) rejected; current month accepted; previous month rejected. Covered by TC-M-073-076.
A7: CVV (checkout) | B7: Exactly 3 digits (000-999). | C7: VALID: "123", "007". INVALID: 2 digits ("12"); 4 digits ("1234"); letters; empty. | D7: 2 digits (min-1) rejected; 3 digits (min) accepted; 4 digits (max+1) rejected. Covered by TC-M-077 + success checkout.
A8: Shipping address (checkout) | B8: 10 to 200 characters. | C8: VALID: 10-200 chars. INVALID: 9 chars or fewer; 201 chars or more; empty. | D8: 9 (min-1) rejected; 10 (min) accepted; 200 (max) accepted; 201 (max+1) rejected. Covered by TC-M-062-065.
A9: Name on card (checkout) | B9: 2 to 50 characters. | C9: VALID: 2-50 chars. INVALID: 1 char; 51 chars; empty. | D9: 1 (min-1) rejected; 2 (min) accepted; 50 (max) accepted; 51 (max+1) rejected. Covered by TC-M-066-069.
A10: Registration fields (name, password, email, phone) | B10: Name 2-50 characters; password 6-20 characters; email like you@example.com; phone optional, exactly 10 digits. | C10: VALID: name "Qa"; password "Pass12"; email "a@b.com"; phone empty or 10 digits. INVALID: name 1 or 51 chars ("name must be 2 to 50 characters"); password 5 or 21 chars ("password must be 6 to 20 characters"); email without proper format ("invalid email format"); phone 9/11 digits or letters ("phone must be exactly 10 digits"); duplicate email (409 "email already registered"). | D10: Name: 1 (min-1), 2 (min), 50 (max), 51 (max+1). Password: 5 (min-1), 6 (min), 20 (max), 21 (max+1). Phone: 9, 10, 11 digits and letters. Email: proper, missing @, duplicate. Covered by TC-M-001-008, TC-M-014-018.
A11: Product price and stock (product CRUD, API only) | B11: Price is a number greater than 0; stock is an integer >= 0. | C11: VALID: price 100, 99.99; stock 0, 10, 50. INVALID: price 0; price -1; price "abc"; stock -1; stock 2.5; missing name. | D11: Price: 0 (min-1) and -1 rejected; any value > 0 accepted (499.99 verified as a decimal class). Stock: -1 (min-1) and 2.5 rejected; 0 (min) and 1 (min+1) accepted. Covered by TC-M-030/031 and the stock-capped cart tests.

Sheet Manual Test Cases
A1: TC ID | B1: Module | C1: Scenario | D1: Technique (BVA / EP / Functional / Negative) | E1: Preconditions | F1: Test Steps | G1: Test Data | H1: Expected Result | I1: Actual Result | J1: Status | K1: Automated By
A2: TC-M-001 | B2: Registration/Login/Profile | C2: Register with a valid name and password (both at its minimum length) | D2: BVA | E2: QuickCart app running; not logged in. | F2: 1) Open the Products page and click "Create an account" in the top bar. 2) On the Register page type "Qa" in Name (2-50 characters). 3) Type a fresh email in Email, e.g. qa6-random@example.com. 4) Type "Pass12" in Password (6-20 characters). 5) Click Register. | G2: name = Qa (min boundary) password = Pass12 (min boundary) email = fresh | H2: Redirects to the Login page with the green banner "Registration successful! Please log in."; account created (API 201). | I2: Verified by script (browser check): landed on /login?registered=1 with the banner visible. Same rule re-checked at API level in Newman. | J2: Pass | K2: Browser check (Playwright, this step) + Postman: TC-AUTH-05/TC-AUTH-08
A3: TC-M-002 | B3: Registration/Login/Profile | C3: Register with an email that is already registered | D3: Negative | E3: At least one account exists (e.g. test@quickcart.com). | F3: 1) Open Register. 2) Name (2-50 characters): "Test User". 3) Email: test@quickcart.com. 4) Password (6-20 characters): "Test@123". 5) Click Register. | G3: duplicate email test@quickcart.com | H3: Error "email already registered" is shown on the Register page; no second account is created (API 409). | I3: Verified by script (browser check): element showed exactly 'email already registered'. Newman asserted the 409 body too. | J3: Pass | K3: Browser check (Playwright, this step) + Postman: TC-AUTH-02
A4: TC-M-003 | B4: Registration/Login/Profile | C4: Register with an invalid email format | D4: EP | E4: Not logged in. | F4: 1) Open Register. 2) Name: "Qa Bad". 3) Email: not-an-email (no @). 4) Password: "Pass12". 5) Click Register. | G4: email = not-an-email | H4: Error "invalid email format"; the user stays on the Register page; nothing is created (API 400). | I4: Verified by script (browser check): error shown. Newman asserted 400 + message. | J4: Pass | K4: Browser check (Playwright, this step) + Postman: TC-AUTH-03
A5: TC-M-004 | B5: Registration/Login/Profile | C5: Register with a 1-character name (below the 2-char minimum) | D5: BVA | E5: Not logged in. | F5: 1) Open Register. 2) Name (2-50 characters): "A". 3) Email: fresh valid email. 4) Password: "Pass12". 5) Click Register. | G5: name = A (min-1) | H5: Error "name must be 2 to 50 characters"; nothing is created (API 400). | I5: Passed - manual browser run: Registration page showed 'name must be 2 to 50 characters'; still on /register: True. Screenshot: test-results/manual/TC-M-004.png. | J5: Pass | K5: Manual browser run (Selenium, this run) + Postman: TC-AUTH-04
A6: TC-M-005 | B6: Registration/Login/Profile | C6: Register with a 51-character name (above the 50-char maximum) | D6: BVA | E6: Not logged in. | F6: 1) Open Register. 2) Name (2-50 characters): paste 51 letters. 3) Email: fresh valid email. 4) Password: "Pass12". 5) Click Register. | G6: name = 51 x 'A' | H6: Error "name must be 2 to 50 characters" (API 400). | I6: Passed - manual browser run: Registration page showed 'name must be 2 to 50 characters'; still on /register: True. Screenshot: test-results/manual/TC-M-005.png. | J6: Pass | K6: Manual browser run (Selenium, this run) + Postman: TC-AUTH-06
A7: TC-M-006 | B7: Registration/Login/Profile | C7: Register with a 5-character password (below the 6-char minimum) | D7: BVA | E7: Not logged in. | F7: 1) Open Register. 2) Name: "Qa Short". 3) Email: fresh valid email. 4) Password (6-20 characters): "12345". 5) Click Register. | G7: password = 12345 | H7: Error "password must be 6 to 20 characters" (API 400). | I7: Verified by script (browser check): password error shown. Newman asserted 400 + message. | J7: Pass | K7: Browser check (Playwright, this step) + Postman: TC-AUTH-07
A8: TC-M-007 | B8: Registration/Login/Profile | C8: Register with a 21-character password (above the 20-char maximum) | D8: BVA | E8: Not logged in. | F8: 1) Open Register. 2) Name: "Qa Long". 3) Email: fresh valid email. 4) Password: 21 characters, e.g. "1234567890123456789011". 5) Click Register. | G8: password = 21 chars | H8: Error "password must be 6 to 20 characters" (API 400). | I8: Passed - manual browser run: Registration page showed 'password must be 6 to 20 characters'; still on /register: True. Screenshot: test-results/manual/TC-M-007.png. | J8: Pass | K8: Manual browser run (Selenium, this run) + Postman: TC-AUTH-10
A9: TC-M-008 | B9: Registration/Login/Profile | C9: Register with a 20-character password (exactly the maximum) | D9: BVA | E9: Not logged in. | F9: 1) Open Register. 2) Name: "Qa Max". 3) Email: fresh valid email. 4) Password: exactly 20 characters. 5) Click Register. | G9: password = 20 chars | H9: Validation passes the password rule - the response reaches the duplicate-email stage (Newman verifies 409 there, i.e. the 20-char password was accepted). | I9: Verified by script (Newman): API accepted the 20-char password and failed at uniqueness (409 duplicate), never at password length. | J9: Pass | K9: Postman: TC-AUTH-09
A10: TC-M-009 | B10: Registration/Login/Profile | C10: Login with valid seeded credentials | D10: Functional | E10: Demo user test@quickcart.com / Test@123 exists. | F10: 1) Open the Login page. 2) Email: test@quickcart.com. 3) Password: Test@123. 4) Click Login. | G10: test@quickcart.com Test@123 | H10: Redirects to the Products page; the top bar shows "Hi, Test User" with Cart/Orders/Profile/Logout links. | I10: Verified by script (Selenium): nav shows 'Hi, Test User' and redirect to Products worked. | J10: Pass | K10: Selenium: TC_UI_01
A11: TC-M-010 | B11: Registration/Login/Profile | C11: Login with a wrong password | D11: Negative | E11: Demo user exists. | F11: 1) Open Login. 2) Email: test@quickcart.com. 3) Password: WrongPass1. 4) Click Login. | G11: wrong password | H11: Error "invalid email or password" on the Login page (API 401); no session. | I11: Verified by script (Selenium): error shown, user stays on Login. | J11: Pass | K11: Selenium: TC_UI_02 + Postman: TC-AUTH-11
A12: TC-M-011 | B12: Registration/Login/Profile | C12: Login with both fields empty | D12: Negative | E12: Not logged in. | F12: 1) Open Login. 2) Leave Email and Password empty. 3) Click Login. | G12: empty fields | H12: Error "invalid email or password" (the app validates one generic message even for empty input). | I12: Verified by script (Selenium): same generic error appears. Logged as D-01. | J12: Pass | K12: Selenium: TC_UI_03
... A88: TC-M-087 | B88: Order Tracking/History | C88: (API level) Full status lifecycle Placed -> Packed -> Shipped -> Delivered | D88: BVA | E88: An order exists; API requests via tools. | F88: 1) PUT the status three times: Packed, Shipped, Delivered. | G88: status lifecycle | H88: Each state change returns 200 and the stored status matches. | I88: Verified by script (Newman): Packed and Delivered transitions verified (200 each). | J88: Pass | K88: Postman: TC-ORD-03/TC-ORD-04

Sheet Defects & Observations
A1: ID | B1: Module | C1: Description | D1: Severity | E1: Status | F1: Found By
A2: D-01 | B2: Registration/Login | C2: An empty Login shows the same generic "invalid email or password" message as a wrong password - there is no specific "email is required" hint. (Not a data-loss bug; usability observation.) | D2: Observation / Low | E2: Accepted | F2: Selenium TC_UI_03 (step 5)
A3: D-02 | B3: Orders | C3: Order status update validates the status value before the ownership check, so an invalid status on ANOTHER user's order returns 400 (instead of 404) - this leaks that the validation order differs between endpoints. | D3: Observation / Low | E3: Accepted | F3: API/Postman analysis (step 4)
A4: D-03 | B4: Products | C4: Product search does not escape SQL LIKE wildcards: searching "%" matches all products and "_" acts as a single-character wildcard. | D4: Observation / Low | E4: Open | F4: API test suite (step 2)
A5: D-04 | B5: Checkout | C5: No stock locking for simultaneous purchases: two users buying the last unit at the same time could both succeed (no transaction around the stock check). | D5: Observation / Low | E5: Accepted (race, demo scope) | F5: Design review (step 2)
A6: D-05 | B6: Products | C6: No admin role exists: any logged-in user can create, edit and delete ALL products. | D6: Observation / Low | E6: Accepted (demo scope) | F6: Design review (step 2)
A7: D-06 | B7: Deployment | C7: Dev server (app.run) with a fixed secret key - fine for the demo, not production-ready. | D7: Observation / Low | E7: Accepted | F7: Code review (step 2)
A8: D-07 | B8: Coupon/Discount | C8: No per-user coupon usage limits: WELCOME20 (20%) can be reused on every order. | D8: Observation / Low | E8: Accepted | F8: Design review (step 2)
A9: D-08 | B9: Cart | C9: Non-integer quantity typed on the product page (2.5) is silently truncated to 2 by the page script (parseInt) - the item is added with qty 2, although the API correctly rejects 2.5 (TC-CART-05). Escaped by the UI layer; manual case TC-M-042. | D9: Low | E9: Fixed (verified in this run by TC-M-042 and TC_UI_17) | F9: Browser check, step 6 (TC-M-042)
A10: D-09 | B10: Cart | C10: Cart lines of products that were later deleted (via the product API) disappear silently at the next cart load (no tombstone/warning). | D10: Observation / Low | E10: Accepted (delete flow, demo scope) | F10: Postman run analysis (step 4)
A11: D-10 | B11: UI messages | C11: Register/Profile/Checkout messages lose their error/success colour: app.js sets class "msg error" / "msg success", while style.css styles ".msg-error" / ".msg-success", so a message shown after an API call is unstyled (text is correct, colour is lost). | D11: Observation / Low | E11: Open | F11: Manual browser run TC-M-016/TC-M-017 (this run)

Sheet Summary
A1: QuickCart - Manual Test Suite Summary
A3: Cases per module and status
A4: Module | B4: Total | C4: Pass | D4: Fail | E4: Not Run
A5: Registration/Login/Profile | B5: =COUNTIF('Manual Test Cases'!$B$2:$B$88,$A5) | C5: =COUNTIFS('Manual Test Cases'!$B$2:$B$88,$A5,'Manual Test Cases'!$J$2:$J$88,"Pass") | D5: =COUNTIFS('Manual Test Cases'!$B$2:$B$88,$A5,'Manual Test Cases'!$J$2:$J$88,"Fail") | E5: =COUNTIFS('Manual Test Cases'!$B$2:$B$88,$A5,'Manual Test Cases'!$J$2:$J$88,"Not Run")
A6: Product Catalog/Search/Filters | B6: =COUNTIF('Manual Test Cases'!$B$2:$B$88,$A6) | C6: =COUNTIFS('Manual Test Cases'!$B$2:$B$88,$A6,'Manual Test Cases'!$J$2:$J$88,"Pass") | D6: =COUNTIFS('Manual Test Cases'!$B$2:$B$88,$A6,'Manual Test Cases'!$J$2:$J$88,"Fail") | E6: =COUNTIFS('Manual Test Cases'!$B$2:$B$88,$A6,'Manual Test Cases'!$J$2:$J$88,"Not Run")
A7: Cart | B7: =COUNTIF('Manual Test Cases'!$B$2:$B$88,$A7) | C7: =COUNTIFS('Manual Test Cases'!$B$2:$B$88,$A7,'Manual Test Cases'!$J$2:$J$88,"Pass") | D7: =COUNTIFS('Manual Test Cases'!$B$2:$B$88,$A7,'Manual Test Cases'!$J$2:$J$88,"Fail") | E7: =COUNTIFS('Manual Test Cases'!$B$2:$B$88,$A7,'Manual Test Cases'!$J$2:$J$88,"Not Run")
A8: Coupon/Discount | B8: =COUNTIF('Manual Test Cases'!$B$2:$B$88,$A8) | C8: =COUNTIFS('Manual Test Cases'!$B$2:$B$88,$A8,'Manual Test Cases'!$J$2:$J$88,"Pass") | D8: =COUNTIFS('Manual Test Cases'!$B$2:$B$88,$A8,'Manual Test Cases'!$J$2:$J$88,"Fail") | E8: =COUNTIFS('Manual Test Cases'!$B$2:$B$88,$A8,'Manual Test Cases'!$J$2:$J$88,"Not Run")
A9: Checkout/Payment | B9: =COUNTIF('Manual Test Cases'!$B$2:$B$88,$A9) | C9: =COUNTIFS('Manual Test Cases'!$B$2:$B$88,$A9,'Manual Test Cases'!$J$2:$J$88,"Pass") | D9: =COUNTIFS('Manual Test Cases'!$B$2:$B$88,$A9,'Manual Test Cases'!$J$2:$J$88,"Fail") | E9: =COUNTIFS('Manual Test Cases'!$B$2:$B$88,$A9,'Manual Test Cases'!$J$2:$J$88,"Not Run")
A10: Order Tracking/History | B10: =COUNTIF('Manual Test Cases'!$B$2:$B$88,$A10) | C10: =COUNTIFS('Manual Test Cases'!$B$2:$B$88,$A10,'Manual Test Cases'!$J$2:$J$88,"Pass") | D10: =COUNTIFS('Manual Test Cases'!$B$2:$B$88,$A10,'Manual Test Cases'!$J$2:$J$88,"Fail") | E10: =COUNTIFS('Manual Test Cases'!$B$2:$B$88,$A10,'Manual Test Cases'!$J$2:$J$88,"Not Run")
A11: TOTAL | B11: =SUM(B5:B10) | C11: =SUM(C5:C10) | D11: =SUM(D5:D10) | E11: =SUM(E5:E10)
A14: Cases per technique
A15: Technique | B15: Cases
A16: BVA | B16: =COUNTIF('Manual Test Cases'!$D$2:$D$88,$A16)
A17: EP | B17: =COUNTIF('Manual Test Cases'!$D$2:$D$88,$A17)
A18: Functional | B18: =COUNTIF('Manual Test Cases'!$D$2:$D$88,$A18)
A19: Negative | B19: =COUNTIF('Manual Test Cases'!$D$2:$D$88,$A19)
A20: TOTAL | B20: =SUM(B16:B19)
A23: Verification evidence (this step)
A24: Run | B24: Result
A25: Newman (Postman collection), fresh DB | B25: 164 requests / 355 assertions / 0 failed
A26: Selenium UI suite, same DB after Newman | B26: 17/17 passed (headless run)
A27: Playwright browser check (extra UI cases for this sheet) | B27: 32/32 checks passed
A28: Honesty rule | B28: Pass = verified against the live app by one of the runs above (see Actual Result). All 87 cases have now been executed: 87 Pass, 0 Fail, 0 Not Run.
A29: Manual cases (Selenium, this run) | B29: TC-M-004/005/007/016/017/071 executed for the first time (all Pass); TC-M-042 now Pass after the D-08 fix
